YEAR_MONTH,ServiceNo,co2_by_car,co2_by_bus,co2_reduction,passenger_volume
2023-12,10,345727804.253425,1722.192,345726082.06142503,4616018
2023-12,100,42203947.34085001,928.9440000000001,42203018.396850005,1044668
2023-12,103,2096600949.2131248,11443.439999999999,2096589505.773125,4212830
2024-01,10,532661963.56122506,2301.7439999999997,532659661.8172251,5321198
2024-01,100,38808409.16120001,787.584,38807621.5772,1133036
2024-01,103,2175113805.84765,11022.047999999999,2175102783.79965,4537686
2024-02,10,432290751.291,2056.3199999999997,432288694.9710001,4833926
2024-02,100,52000946.917725,1139.664,51999807.253725,1049178
2024-02,103,1847681800.671925,10259.664,1847671541.007925,4141034
